date,close,don_high,don_low,volume,vol_avg,atr
2023-05-03,31.96,33.53,32.02,58494687,43087679.5,0.5117201776301152
2023-05-04,31.55,33.44,31.93,71583161,46685708.4,0.5368241539460998
2023-05-05,32.33,33.43,31.26,48135371,48299849.0,0.5759142667532868
2023-05-08,32.38,33.43,31.26,31790002,48752443.6,0.5377923645195152
2023-05-09,32.26,33.43,31.26,27349127,46744011.2,0.5100867159169129
2023-05-10,32.08,33.43,31.26,36326699,46173696.0,0.5420751537946579
2023-05-11,32.03,33.43,31.26,32587800,45168531.3,0.5151317999553702
2023-05-12,31.9,33.43,31.26,33232531,43282537.4,0.5197808932946543
2023-05-15,32.16,33.43,31.26,27027186,42983833.8,0.49314344085536704
2023-05-16,31.86,32.96,31.26,27249495,39377605.9,0.47405764874131784
2023-05-17,32.5,32.62,31.26,43851031,37913240.3,0.5081832955758093
2023-05-18,32.74,32.62,31.26,37310396,34485963.8,0.5017588561657015
2023-05-19,32.6,32.78,31.69,37637965,33436223.2,0.4975243420102745
2023-05-22,32.66,32.92,31.69,31043032,33361526.2,0.47385442974223796
2023-05-23,32.28,32.92,31.69,36916894,34318302.9,0.46934050577660597
2023-05-24,31.86,32.92,31.69,43530408,35038673.8,0.47209510500639207
2023-05-25,31.85,32.92,31.69,35414450,35321338.8,0.4491490910055399
2023-05-26,32.11,32.92,31.66,36719675,35670053.2,0.43459587887146744
2023-05-30,32.1,32.92,31.66,52903628,38257697.4,0.4233164283552715
2023-05-31,31.76,32.92,31.66,63285177,41861265.6,0.44820757124123567
2023-06-01,32.1,32.92,31.49,42388156,41714978.1,0.44844656174240466
2023-06-02,32.8,32.92,31.49,57494492,43733387.7,0.4979870201767508
2023-06-05,32.63,32.92,31.49,42197602,44189351.4,0.4795887508198516
2023-06-06,33.04,32.92,31.49,40184427,45103490.9,0.48364358404387203
2023-06-07,33.17,33.09,31.49,40854641,45497265.6,0.4684911061713564
2023-06-08,33.14,33.24,31.49,28344519,43978676.7,0.44735895868184156
2023-06-09,33.15,33.24,31.49,30526823,43489914.0,0.4183777641909289
2023-06-12,33.14,33.29,31.49,29564011,42774347.6,0.4132607289654721
2023-06-13,33.34,33.29,31.49,37440784,41228063.2,0.4128259651034087
2023-06-14,33.21,33.48,31.49,42570888,39156634.3,0.42311583642295447
2023-06-15,33.65,33.59,31.72,37850774,38702896.1,0.45470039156656006
2023-06-16,33.58,33.73,32.41,33722403,36325687.2,0.4327403393576853
2023-06-20,33.18,33.83,32.48,27861805,34892107.5,0.45504162744332743
2023-06-21,33.14,33.83,32.58,31467176,34020382.4,0.4343694104508834
2023-06-22,32.88,33.83,32.87,33542166,33289134.9,0.4257868223907653
2023-06-23,32.74,33.83,32.77,30707612,33525444.2,0.41834857940533055
2023-06-26,32.67,33.83,32.51,22245064,32697268.3,0.41056876881795307
2023-06-27,32.93,33.83,32.51,24315323,32172399.5,0.39982626630889245
2023-06-28,32.85,33.83,32.51,29431192,31371440.3,0.377182764134373
2023-06-29,33.42,33.83,32.51,42244212,31338772.7,0.40289172891645664
2023-06-30,33.71,33.83,32.51,37676439,31321339.2,0.40650616506092907
2023-07-03,33.9,33.85,32.51,17579893,29707088.2,0.397638676386139
2023-07-05,33.83,34.0,32.51,32449694,30165877.1,0.38728685286798714
2023-07-06,33.54,34.0,32.51,38104336,30829593.1,0.4129819391522553
2023-07-07,33.59,34.0,32.51,28073244,30282700.9,0.4205843472652878
2023-07-10,33.74,34.0,32.51,24896686,29701608.3,0.41250643429658274
2023-07-11,34.14,34.0,32.58,29024539,30379555.8,0.4161722430570381
2023-07-12,34.36,34.18,32.7,36353365,31583360.0,0.4233492773160995
2023-07-13,34.48,34.61,32.7,29353691,31575609.9,0.39223604034061926
2023-07-14,34.25,34.61,32.98,36078064,30958995.1,0.4119379016285366
2023-07-17,34.58,34.74,33.25,32334503,30424801.5,0.41967951474473153
2023-07-18,34.97,34.74,33.25,42297637,32896575.9,0.4197222461121009
2023-07-19,35.12,35.0,33.25,38332532,33484859.7,0.40375927996382044
2023-07-20,35.38,35.26,33.25,39580114,33632437.5,0.3965913759686446
2023-07-21,35.26,35.39,33.4,27650933,33590206.4,0.38237919250615854
2023-07-24,35.6,35.46,33.57,27779500,33878487.8,0.39139530017200447
2023-07-25,35.37,35.71,33.79,30917804,34067814.3,0.37387592681573695
2023-07-26,35.58,35.71,34.2,31718552,33604333.0,0.3786924699069716
2023-07-27,35.13,35.71,34.2,41895510,34858514.9,0.4068668072527092
2023-07-28,35.2,35.71,34.2,28765665,34127275.0,0.40861789961901485
2023-07-31,35.33,35.71,34.21,26331952,33527019.9,0.3888021796698126
2023-08-01,35.33,35.71,34.61,24870744,31784330.6,0.3662952223805041
2023-08-02,35.03,35.71,34.96,42859053,32236982.7,0.38412252606310354
2023-08-03,35.05,35.71,34.83,29249926,31203963.9,0.3875728559213569
2023-08-04,34.91,35.71,34.72,33813182,31820188.8,0.4012298084651762
2023-08-07,35.4,35.71,34.72,29720578,32014296.6,0.4210658340031533
2023-08-08,35.08,35.69,34.72,34254627,32347978.9,0.4622570561360657
2023-08-09,34.82,35.69,34.67,31302880,32306411.7,0.45128944865125636
2023-08-10,34.85,35.67,34.67,34972315,31614092.2,0.45778418883108885
2023-08-11,34.92,35.46,34.67,25982604,31335786.1,0.44074629698694345
2023-08-14,34.85,35.46,34.65,21824239,30885014.8,0.4126467907220182
2023-08-15,34.21,35.46,34.65,45457164,32943656.8,0.44829388529241576
2023-08-16,34.16,35.46,34.17,30032811,31661032.6,0.4285213672534276
2023-08-17,33.99,35.46,34.12,34870664,32223106.4,0.42871851828630386
2023-08-18,33.98,35.46,33.89,35908515,32432639.7,0.4195560491814633
2023-08-21,33.94,35.46,33.72,28326862,32293268.1,0.42094857595726815
2023-08-22,33.62,35.26,33.67,39477283,32815533.7,0.420822099162966
2023-08-23,33.95,35.26,33.57,27458347,32431080.4,0.41004581927457096
2023-08-24,33.83,35.26,33.57,32607298,32194578.7,0.41937304337129533
2023-08-25,33.99,34.98,33.57,37485037,33344822.0,0.4181233042551222
2023-08-28,34.18,34.92,33.57,29878591,34150257.2,0.4037068636877719
2023-08-29,34.49,34.6,33.57,40111922,33615733.0,0.4032126151960688
2023-08-30,34.51,34.5,33.57,28595847,33472036.6,0.38545093316992673
2023-08-31,34.38,34.71,33.57,23980546,32383024.8,0.37139080874726904
2023-09-01,34.69,34.71,33.57,35511365,32343309.8,0.37787203424763244
2023-09-05,34.34,34.8,33.57,33154193,32826042.9,0.3888224296812816
2023-09-06,34.32,34.8,33.57,30509531,31929267.7,0.37964610572377744
2023-09-07,34.23,34.8,33.63,22180164,31401449.4,0.36235995829394047
2023-09-08,34.3,34.8,33.71,34353500,31576069.6,0.3473786305214151
2023-09-11,34.46,34.8,33.71,25896612,30417227.1,0.3463948131185602
2023-09-12,34.69,34.8,34.07,36081452,31037513.2,0.3722088380360854
2023-09-13,34.69,34.94,34.07,25814694,29607790.4,0.36791432629794113
2023-09-14,35.01,34.94,34.07,31408053,29889011.0,0.36819241612488296
2023-09-15,34.83,35.06,34.07,34765579,30967514.3,0.3564334273082321
2023-09-18,34.77,35.06,34.07,24645743,29880952.1,0.3502423036671338
2023-09-19,34.73,35.06,34.07,25968960,29162428.8,0.35287666317818234
2023-09-20,34.49,35.06,34.07,28966978,29008173.5,0.3698264414210919
2023-09-21,33.92,35.06,34.12,39542219,30744379.0,0.396516249231613
2023-09-22,33.66,35.06,33.92,36171093,30926138.3,0.38898074933406507
2023-09-25,33.74,35.06,33.66,31597151,31496192.2,0.3744499827561899
2023-09-26,33.29,35.06,33.48,40566987,31944745.7,0.3925233183886986
2023-09-27,33.24,35.06,33.23,40556829,33418959.2,0.3975202092702054
2023-09-28,33.48,35.06,32.95,53022801,35580434.0,0.39251751470084467
2023-09-29,33.17,35.04,32.95,44365532,36540429.3,0.4201818460740646
2023-10-02,32.89,34.96,32.95,45739953,38649850.3,0.42549093326418946
2023-10-03,32.37,34.96,32.71,46675508,40720505.1,0.4554254754956307
2023-10-04,32.61,34.96,32.24,36500006,41473807.9,0.4507020787628802
2023-10-05,32.76,34.37,32.21,36278557,41147441.7,0.43994180159449586
2023-10-06,33.04,34.0,32.21,48378742,42368206.6,0.4772828947152296
2023-10-09,33.06,33.76,32.21,36734130,42881904.5,0.4696451754198659
2023-10-10,33.3,33.69,32.21,42467119,43071917.7,0.46702581869721654
2023-10-11,33.35,33.69,32.21,32619732,42278208.0,0.463422376204254
2023-10-12,33.14,33.69,32.21,38579518,40833879.7,0.47363272604368767
2023-10-13,33.21,33.69,32.21,50522222,41449548.7,0.49448169590452873
2023-10-16,33.56,33.66,32.21,41323433,41007896.7,0.49655080311725797
2023-10-17,33.72,33.72,32.21,39436437,40283989.6,0.5023440293682901
2023-10-18,33.14,33.94,32.21,43986876,41032676.6,0.5220314921191846
2023-10-19,32.7,33.94,32.45,54943101,42899131.0,0.5297606265032931
2023-10-20,32.2,33.94,32.51,52258959,43287152.7,0.5364592096361872
2023-10-23,32.0,33.94,32.17,52136879,44827427.6,0.516931315018029
2023-10-24,32.22,33.94,31.97,32068157,43787531.4,0.49734047301562484
2023-10-25,32.1,33.94,31.97,45558086,45081366.8,0.4723617432802085
2023-10-26,32.03,33.94,31.97,51933120,46416727.0,0.4600468441761811
2023-10-27,31.45,33.94,31.97,60538149,47418319.7,0.4893739316193569
2023-10-30,32.01,33.94,31.35,45253891,47811365.5,0.5094574074034433
2023-10-31,32.36,33.94,31.35,36821564,47549878.2,0.4895297530829841
2023-11-01,32.57,33.58,31.35,48396051,47990795.7,0.47225911933858616
2023-11-02,33.34,33.26,31.35,42022018,46698687.4,0.5146245700934413
2023-11-03,33.78,33.36,31.35,45665931,46039384.6,0.5260079607476484
2023-11-06,33.68,33.94,31.35,36099270,44435623.7,0.5118735659812955
2023-11-07,33.63,33.94,31.35,26162754,43845083.4,0.46895709051712253
2023-11-08,33.67,33.94,31.35,28248115,42114086.3,0.43842947844817315
2023-11-09,33.53,33.94,31.35,32185777,40139352.0,0.4293055479884164
2023-11-10,33.91,33.94,31.35,33221673,37407704.4,0.432064808256627
2023-11-13,33.86,33.94,31.59,24755324,35357847.7,0.40245616715574356
2023-11-14,34.5,33.95,32.01,50334227,36709114.0,0.45946201153497757
2023-11-15,34.69,34.69,32.34,29438185,34813327.4,0.43686707666364716
2023-11-16,34.83,34.79,32.81,31126175,33723743.1,0.4039514664418273
2023-11-17,35.01,34.87,33.46,26225650,31779715.0,0.3754246042495843
2023-11-20,35.15,35.02,33.46,23449203,30514708.3,0.37203465701630567
2023-11-21,35.13,35.23,33.46,22521180,30150550.9,0.34243003608079803
2023-11-22,35.27,35.23,33.46,27379503,30063689.7,0.3247726979366918
2023-11-24,35.38,35.34,33.46,11953311,28040443.1,0.3068030048784659
2023-11-27,35.26,35.44,33.49,24366579,27154933.7,0.2925626042280042
2023-11-28,35.25,35.44,33.74,25827071,27262108.4,0.2815542569976038
2023-11-29,35.5,35.44,34.2,33259167,25554602.4,0.30534702273125675
2023-11-30,35.9,35.71,34.55,32462858,25857069.7,0.32330075303375555
2023-12-01,36.17,35.9,34.68,40819425,26826394.7,0.33752731929592145
2023-12-04,36.13,36.21,34.87,36020238,27805853.5,0.3391903433897988
2023-12-05,35.95,36.27,34.88,27137311,28174664.3,0.33929829760449276
2023-12-06,35.77,36.27,35.07,29334320,28855978.3,0.37005852459056043
2023-12-07,35.94,36.29,35.15,24384786,28556506.6,0.34605072131181874
2023-12-08,36.13,36.29,35.16,30311172,30392292.7,0.34391062513690934
2023-12-11,36.35,36.29,35.16,26347796,30590414.4,0.33672254178532135
2023-12-12,36.61,36.42,35.16,28788118,30886519.1,0.3358262028806116
2023-12-13,37.2,36.62,35.35,50289295,32589531.9,0.3843827091631971
2023-12-14,37.57,37.25,35.46,56900909,35033337.0,0.40113168127477056
2023-12-15,37.35,37.71,35.72,46421658,35593560.3,0.3983141237714682
2023-12-18,37.29,37.71,35.72,32558481,35247384.6,0.36787224060193935
2023-12-19,37.57,37.71,35.72,24398441,34973497.6,0.37348927518834696
2023-12-20,36.9,37.71,35.72,36737564,35713822.0,0.4130240384965676
2023-12-21,37.26,37.71,35.77,24912917,35766635.1,0.40728750003035924
2023-12-22,37.34,37.71,35.86,20523703,34787888.2,0.39164916669297795
2023-12-26,37.49,37.71,36.14,16279353,33781043.9,0.37276261113391423
2023-12-27,37.61,37.71,36.29,23177372,33219969.3,0.35772759631605877
2023-12-28,37.72,37.71,36.55,22634263,30454466.1,0.344697250140584
2023-12-29,37.6,37.8,36.9,25504351,27314810.3,0.33607095012183963
2024-01-02,37.76,37.8,36.9,29285769,25601221.4,0.33792815677226123
2024-01-03,37.44,37.8,36.9,37481422,26093515.5,0.3435377358692925
2024-01-04,37.59,37.8,36.9,33366704,26990341.8,0.3577327044200539
2024-01-05,37.75,37.89,36.9,39941791,27310764.5,0.36070167716404705
2024-01-08,37.99,37.95,36.92,34226951,28242167.9,0.3726081202088402
2024-01-09,37.75,38.01,37.2,30748718,29264669.4,0.37092703751432815
2024-01-10,37.81,38.01,37.31,35367008,31173434.9,0.35747009917908484
2024-01-11,37.67,38.01,37.35,43157438,33171441.5,0.36847408595520753
2024-01-12,37.6,38.01,37.37,36577490,34565764.2,0.3926775411611805
2024-01-16,37.34,38.01,37.37,40162127,36031541.8,0.40298720233968965
2024-01-17,37.27,38.01,37.13,34425928,36545557.7,0.4052555753610646
2024-01-18,37.33,38.01,37.0,37538344,36551249.9,0.4072214986462553
2024-01-19,37.93,38.01,36.95,54562584,38670837.9,0.43959196549342106
2024-01-22,38.11,38.01,36.95,39865603,38663219.1,0.4303130367609646
2024-01-23,38.17,38.3,36.95,28865675,38127091.5,0.39827129852617
2024-01-24,38.32,38.3,36.95,39524767,39004696.4,0.3931684587226806
2024-01-25,38.51,38.53,36.95,37861925,39254188.1,0.37807933089298906
2024-01-26,38.65,38.55,36.95,28417331,37780177.4,0.3690020867739242
2024-01-29,38.75,38.72,36.95,32266144,37349042.8,0.36646847520406783
2024-01-30,39.24,38.78,36.95,38770990,37209929.1,0.3882726785101923
2024-01-31,38.76,39.28,36.95,57673963,39534732.6,0.43116965470883345
2024-02-01,38.82,39.45,36.95,57513328,41532231.0,0.4536803674143225
2024-02-02,38.98,39.45,37.35,57405803,41816552.9,0.45985631842574615
2024-02-05,38.75,39.45,38.01,34369052,41266897.8,0.4532088093023129
2024-02-06,38.83,39.45,38.01,28687151,41249045.4,0.42611430139533785
2024-02-07,39.12,39.45,38.25,34856276,40782196.3,0.4226323945426259
2024-02-08,38.97,39.45,38.25,43782696,41374273.4,0.41961474193694226
2024-02-09,39.08,39.45,38.25,49136629,43446203.2,0.4009994430120168
2024-02-12,39.26,39.45,38.25,35981951,43817783.9,0.4061995172770809
2024-02-13,38.73,39.45,38.25,58273440,45768028.9,0.4640395816401363
2024-02-14,39.1,39.45,38.25,42691246,44269757.2,0.4555009707547856
2024-02-15,39.77,39.43,38.25,51695279,43687952.3,0.4947675079874808
2024-02-16,39.63,39.85,38.42,34981862,41445558.2,0.46346517358915074
2024-02-20,39.52,39.85,38.42,35995364,41608189.4,0.4483364837772632
2024-02-21,39.64,39.85,38.42,35706285,42310102.8,0.4298916192736284
2024-02-22,40.1,39.85,38.42,46031207,43427595.9,0.45390607003714456
2024-02-23,40.3,40.25,38.42,32304272,42279753.5,0.44271859403219166
2024-02-26,40.1,40.47,38.42,30386053,40404695.9,0.45035611482789945
2024-02-27,40.21,40.53,38.42,23815307,39188031.5,0.4289752995175128
2024-02-28,40.36,40.53,38.42,30957827,36456470.2,0.42377859291517783
2024-02-29,40.34,40.53,38.81,33690672,35556412.8,0.41794144719315357
2024-03-01,40.29,40.55,39.21,38050012,34191886.1,0.3995492542340666
2024-03-04,40.39,40.55,39.31,48470654,35540765.3,0.38494268700285766
2024-03-05,40.4,40.55,39.31,47186264,36659855.3,0.38428366206914366
2024-03-06,40.61,40.63,39.33,53681234,38457350.2,0.39437917379325704
2024-03-07,40.55,40.73,39.79,33090450,37163274.5,0.4004619506208234
2024-03-08,40.62,40.84,39.93,43013848,38234232.1,0.38440035720471377
2024-03-11,40.69,40.84,39.93,33672154,38562842.2,0.37714697624408505
2024-03-12,40.86,40.84,39.93,39571475,40138459.0,0.37219404607820655
2024-03-13,41.16,40.98,40.11,37298603,40772536.6,0.36390150660111265
2024-03-14,40.83,41.17,40.15,51984614,42601930.8,0.4007146390542977
2024-03-15,40.79,41.25,40.15,48745027,43671432.3,0.4086193538470572
2024-03-18,40.87,41.25,40.21,28434408,41667807.7,0.4008034400007831
2024-03-19,41.07,41.25,40.25,31215601,40070741.4,0.3766963146673462
2024-03-20,41.56,41.25,40.27,47075225,39410140.5,0.41180347271170015
2024-03-21,41.9,41.59,40.4,42308224,40331917.9,0.41556300968347315
2024-03-22,41.42,42.0,40.4,30085763,39039109.4,0.4468212750590099
2024-03-25,41.26,42.04,40.4,27975758,38469469.8,0.413911771717809
2024-03-26,41.4,42.04,40.52,26613209,37173643.2,0.39472353548876826
2024-03-27,41.89,42.04,40.52,32357927,36679575.6,0.40876039742359915
2024-03-28,42.12,42.04,40.52,37199686,35201082.8,0.40225901110045253
2024-04-01,41.89,42.22,40.52,32409341,33567514.2,0.400624476287059
2024-04-02,41.67,42.22,40.57,32797402,34003813.6,0.385874546115451
2024-04-03,41.65,42.22,40.87,34925078,34374761.3,0.3917579399667242
2024-04-04,41.18,42.22,40.95,49594702,34626709.0,0.46619021463782706
2024-04-05,41.57,42.22,41.13,40397055,34435592.1,0.4706981860194501
2024-04-08,41.75,42.22,41.13,26902200,34117235.8,0.44260509455018987
2024-04-09,41.51,42.22,41.13,44507600,35770420.0,0.4782577486101647
2024-04-10,40.89,42.22,41.13,54689306,38578029.7,0.5144900487954761
2024-04-11,40.6,42.22,40.76,48377510,40179988.0,0.5232247089560791
2024-04-12,40.06,42.22,40.35,70051608,43465180.2,0.5467947477619356
2024-04-15,39.86,42.2,39.9,60421278,46266373.9,0.6072221147270108
2024-04-16,39.59,42.08,39.74,63017253,49288359.0,0.5862591660967421
2024-04-17,39.69,42.08,39.53,39433967,49739247.9,0.5640912772838435
2024-04-18,39.83,42.08,39.53,39942903,48774068.0,0.5542124403126646
2024-04-19,40.38,41.88,39.53,51621983,49896560.8,0.5643174482709763
2024-04-22,40.87,41.88,39.53,41765658,51382906.6,0.585075121834846
2024-04-23,41.13,41.88,39.53,30767974,50008944.0,0.5550651055901998
2024-04-24,41.12,41.27,39.53,30571770,47597190.4,0.5170564248448403
2024-04-25,40.88,41.23,39.53,41244917,46883931.1,0.5281155681988607
2024-04-26,40.82,41.23,39.53,30316470,42910417.3,0.5017001591056791
2024-04-29,40.76,41.23,39.53,30496141,39917903.6,0.4854734712249223
2024-04-30,40.36,41.23,39.53,30915883,36707766.6,0.47407700839493244
2024-05-01,40.36,41.23,39.53,51499262,37914296.1,0.48686674060894153
2024-05-02,40.46,41.23,39.73,31485826,37068588.4,0.4926178418610828
2024-05-03,40.55,41.23,39.97,37944340,35700824.1,0.48560212961293814
2024-05-06,41.07,41.23,40.17,35053538,35029612.1,0.49018851233121347
2024-05-07,41.21,41.23,40.17,33758876,35328702.3,0.4541633773537182
2024-05-08,41.36,41.29,40.17,24476146,34719139.9,0.44427492703988947
2024-05-09,41.67,41.43,40.17,27445248,33339173.0,0.44103827010123775
2024-05-10,41.83,41.67,40.17,31106290,33418155.0,0.414233167421072
2024-05-13,41.66,41.91,40.17,25286868,32897227.7,0.40700207843159664
2024-05-14,41.87,42.02,40.17,22487893,32054428.7,0.38473513464071735
2024-05-15,42.18,42.02,40.17,32784401,30182942.6,0.38010378335528855
2024-05-16,42.18,42.22,40.17,31802307,30214590.7,0.3587566122412509
2024-05-17,42.49,42.38,40.35,25140772,28934233.9,0.35225573060908444
2024-05-20,41.91,42.49,40.77,31066924,28535572.5,0.3852882998612067
2024-05-21,42.18,42.49,41.05,25286706,27688355.5,0.3752498598797128
2024-05-22,41.94,42.49,41.05,33224224,28563163.3,0.38121654522908466
2024-05-23,41.36,42.49,41.25,46928441,30511482.6,0.4290543391985394
2024-05-24,41.61,42.49,41.2,20795975,29480451.1,0.4065137606387339
2024-05-28,41.15,42.49,41.2,28522295,29803993.8,0.433645259220236
2024-05-29,40.82,42.49,41.0,34068126,30962017.1,0.437159224657538
2024-05-30,41.04,42.49,40.69,26143676,30297944.6,0.4282046613698669
2024-05-31,41.64,42.49,40.69,31008979,30218611.8,0.46177737318721795
2024-06-03,41.38,42.49,40.69,34149224,31119457.0,0.48954039009558914
2024-06-04,41.19,42.46,40.69,24457364,30458501.0,0.4909350047495106
2024-06-05,41.31,42.27,40.69,21938045,30123634.9,0.47214367078290936
2024-06-06,41.29,42.27,40.69,29767068,29777919.3,0.4585245146785211
2024-06-07,41.48,41.94,40.69,28877835,27972858.7,0.46272124605471854
2024-06-10,41.32,41.71,40.69,24611561,28354417.3,0.4583584132474227
2024-06-11,40.85,41.71,40.69,48242661,30326453.9,0.4865772914810999
2024-06-12,40.81,41.71,40.65,42291726,31148813.9,0.49770031928362
2024-06-13,40.78,41.71,40.65,31582873,31692733.6,0.4740069433791374
2024-06-14,40.65,41.71,40.5,25030276,31094863.3,0.46547268426191957
2024-06-17,41.01,41.71,40.37,31594933,30839434.2,0.4754096596936645
2024-06-18,41.27,41.71,40.37,23913954,30785093.2,0.45868837173450944
2024-06-20,41.49,41.71,40.37,33790938,31970382.5,0.46019658883657466
2024-06-21,41.33,41.71,40.37,30489838,32042659.5,0.4521703769916978
2024-06-24,41.59,41.71,40.37,38859972,33040873.2,0.4745476600594721
2024-06-25,41.28,41.85,40.37,25714563,33151173.4,0.47527463871820963
2024-06-26,41.02,41.85,40.37,24720269,30798934.2,0.4732380202224485
2024-06-27,40.97,41.85,40.37,21944934,28764255.0,0.45013961752612264
2024-06-28,41.11,41.85,40.37,33075663,28913534.0,0.44878766852263935
2024-07-01,41.2,41.85,40.37,30514564,29461962.8,0.4582826460529536
2024-07-02,41.68,41.85,40.48,22642235,28566693.0,0.47451162657922624
2024-07-03,41.55,41.85,40.72,18722643,28047561.9,0.4419100763686623
2024-07-05,41.54,41.85,40.72,19039454,26572413.5,0.42832206618617447
2024-07-08,41.43,41.85,40.72,21216014,25645031.1,0.43387912402801776
2024-07-09,41.75,41.85,40.72,30434987,24802532.6,0.4560285741576156
2024-07-10,41.91,42.02,40.72,24838230,24714899.3,0.44722476426993363
2024-07-11,42.24,42.02,40.72,37735356,26016408.0,0.4542614623672758
2024-07-12,42.38,42.31,40.72,35978590,27419773.6,0.45769326738497296
2024-07-15,43.0,42.56,40.93,37626168,27874824.1,0.4846674984003094
2024-07-16,43.49,43.04,41.03,45328713,29356239.0,0.49471183194693424
2024-07-17,43.82,43.51,41.1,43450234,31437038.9,0.49941692102067653
2024-07-18,43.29,43.9,41.3,44662063,34030980.9,0.5554946648845865
2024-07-19,42.85,44.11,41.3,41944554,36321490.9,0.5560953762333086
2024-07-22,43.09,44.11,41.38,22817227,36481612.2,0.5379493260688677
2024-07-23,43.17,44.11,41.42,19306288,35368742.3,0.506222749259685
2024-07-24,42.58,44.11,41.53,39093152,36794234.5,0.5173930493583941
2024-07-25,42.74,44.11,41.81,37719101,36792609.0,0.5537406427772749
2024-07-26,43.41,44.11,42.08,29586842,36153434.2,0.5865752237403045
2024-07-29,43.35,44.11,42.5,25130873,34903904.7,0.56303186057493
2024-07-30,43.85,44.11,42.58,28708252,33241858.6,0.5746276124982725
2024-07-31,43.74,44.11,42.58,33905352,32287370.4,0.5513439308318361
2024-08-01,43.12,44.11,42.58,42052192,32026383.3,0.6151647400542581
2024-08-02,42.06,44.11,42.58,67668923,34598820.2,0.7091427747136905
2024-08-05,40.84,44.11,41.8,93399794,41657076.9,0.8012570714185325
2024-08-06,41.5,44.11,40.66,50884494,44814897.5,0.847756128562728
2024-08-07,41.55,44.11,40.66,38236116,44729193.9,0.8507219780876972
2024-08-08,42.22,44.11,40.66,37045259,44661809.7,0.8332923810093383
2024-08-09,42.4,44.11,40.66,19280869,43631212.4,0.7848533968747597
2024-08-12,42.18,44.11,40.66,17205799,42838705.0,0.7468729439581251
2024-08-13,42.53,44.11,40.66,20727517,42040631.5,0.7059565514303757
2024-08-14,43.05,44.11,40.66,26620670,41312163.3,0.6918290112396591
2024-08-15,43.45,43.96,40.66,27580551,39864999.2,0.6849184764077046
2024-08-16,43.77,43.69,40.66,20183227,35116429.6,0.6429293462200113
2024-08-19,44.01,43.77,40.66,18194690,27595919.2,0.5905387667240098
2024-08-20,43.87,44.02,40.91,16987407,24206210.5,0.5424669311608081
2024-08-21,43.8,44.02,41.49,16798873,22062486.2,0.526138007006034
2024-08-22,44.05,44.02,41.76,20129883,20370948.6,0.4893196060718961
2024-08-23,44.43,44.05,42.04,28695472,21312408.9,0.4894103252623102
2024-08-26,44.57,44.54,42.09,16675729,21259401.9,0.47482228189400255
2024-08-27,44.8,44.81,42.12,16902618,20876912.0,0.4448459776414689
2024-08-28,44.91,44.82,42.6,19945526,20209397.6,0.4548665139559392
2024-08-29,45.31,45.16,43.31,27929176,20244260.1,0.48888431209514743
2024-08-30,45.74,45.46,43.4,23162189,20542156.3,0.4970330704824617
2024-09-03,45.4,45.78,43.57,35224753,22245162.6,0.5240953277514673
2024-09-04,45.45,45.88,43.57,26014786,23147900.5,0.5288826173846053
2024-09-05,44.95,45.88,43.57,34643771,24932390.3,0.5810316017333239
2024-09-06,44.29,45.88,43.81,43455472,27264949.2,0.6382273881688815
2024-09-09,44.95,45.88,44.09,34026164,27798018.4,0.6744637364130311
2024-09-10,44.49,45.88,44.19,52805752,31411020.7,0.7405352382246273
2024-09-11,44.28,45.88,43.97,47889970,34509755.9,0.7897972064613435
2024-09-12,44.38,45.88,43.38,30970061,35612209.4,0.7538242455998314
2024-09-13,44.51,45.88,43.38,29085641,35727855.9,0.6946476795198533
2024-09-16,45.09,45.88,43.38,33055707,36717207.7,0.6806946555838733
2024-09-17,45.33,45.88,43.38,24907660,35685498.4,0.6419353681726894
2024-09-18,45.19,45.77,43.38,34979137,36581933.5,0.6363439857496633
2024-09-19,45.69,45.69,43.38,33984950,36516051.4,0.634164787649709
2024-09-20,45.66,45.81,43.38,27152466,34885750.8,0.5976094826297477
2024-09-23,45.44,45.81,43.38,18792547,33362389.1,0.5592615516124483
2024-09-24,45.06,45.81,43.38,25685362,30650350.1,0.5580266780641214
2024-09-25,44.79,45.81,43.38,23211118,28182464.9,0.5489564543222388
2024-09-26,45.02,45.81,44.0,24266803,27512139.1,0.5210955937459398
2024-09-27,45.15,45.81,44.41,19068986,26510473.6,0.5076161812464806
2024-09-30,45.32,45.81,44.65,17622669,24967169.8,0.5066006904136166
2024-10-01,45.08,45.81,44.65,29544665,25430870.3,0.512387265025134
2024-10-02,45.13,45.81,44.65,26510872,24584043.8,0.4974022963551159
2024-10-03,44.89,45.81,44.65,21292252,23314774.0,0.49374865684110125
2024-10-04,45.65,45.67,44.65,35946185,24194145.9,0.5345821692622874
2024-10-07,45.09,45.69,44.65,23907487,24705639.9,0.5659712133606495
2024-10-08,45.35,45.69,44.65,25583814,24695485.1,0.5398417182458959
2024-10-09,45.77,45.69,44.65,25531443,24927517.6,0.5478628224797766
2024-10-10,45.63,45.86,44.66,29157728,25416610.1,0.53081444614914
2024-10-11,46.51,45.86,44.66,46087241,28118435.6,0.5893725199959212
2024-10-14,46.8,46.6,44.66,29467839,29302952.6,0.5627895173297984
2024-10-15,46.9,46.85,44.66,33170777,29665563.8,0.5664175816858258
2024-10-16,47.48,47.39,44.66,34385016,30452978.2,0.5708952374610492
2024-10-17,47.61,47.5,44.66,28245947,31148347.7,0.5387758724662434
2024-10-18,47.62,47.81,44.9,21959257,29749654.9,0.5162724228040773
2024-10-21,47.24,47.81,44.9,22596271,29618533.3,0.5141027664302004
2024-10-22,47.15,47.81,45.18,26113994,29671551.3,0.5068890642395071
2024-10-23,47.11,47.81,45.26,17972788,28915685.8,0.4846371890075723
2024-10-24,47.15,47.81,45.44,16829545,27682867.5,0.46668556380656284
2024-10-25,46.63,47.81,45.89,22717745,25345917.9,0.5244608219656877
2024-10-28,47.21,47.81,46.46,25327636,24931897.6,0.5371993790369289
2024-10-29,46.92,47.81,46.52,20994603,23714280.2,0.5109061284986713
2024-10-30,47.13,47.81,46.52,24896557,22765434.3,0.510785311365515
2024-10-31,46.48,47.81,46.52,41212718,24062111.4,0.5400139365167802
2024-11-01,46.64,47.72,46.48,30417759,24907961.6,0.5373454116478766
2024-11-04,46.28,47.65,46.48,36213731,26269707.6,0.5496993567614925
2024-11-05,46.71,47.43,46.02,28026833,26460991.5,0.5430727758599602
2024-11-06,49.55,47.43,46.02,123815079,37045220.6,0.8666630724119653
2024-11-07,48.75,49.68,46.02,55032024,40865468.5,0.8697746627570366
2024-11-08,49.19,49.68,46.02,45031153,43096809.3,0.849804707722765
2024-11-11,49.89,49.68,46.02,49932286,45557274.3,0.8631640800263967
2024-11-12,49.74,50.14,46.02,44242438,47882057.8,0.794742202689543
2024-11-13,49.77,50.14,46.02,27229282,48115330.3,0.748776575664271
2024-11-14,49.64,50.14,46.02,30345046,47028563.1,0.7089396989090353
2024-11-15,49.87,50.14,46.02,33120853,47298872.5,0.667747739054497
2024-11-18,50.02,50.14,46.02,20843549,45761854.3,0.6333813738472303
2024-11-19,49.69,50.14,46.23,23823196,45341490.6,0.6289305240009331
2024-11-20,49.54,50.14,48.66,29849727,35944955.4,0.629073120800809
2024-11-21,50.17,50.14,48.66,43671360,34808889.0,0.6598633713607011
2024-11-22,50.73,50.4,48.85,36822615,33988035.2,0.6585482551792741
2024-11-25,51.06,50.78,49.29,34764373,32471243.9,0.6400751544887047
2024-11-26,51.16,51.25,49.29,24712750,30518275.1,0.6213984672235441
2024-11-27,51.26,51.26,49.29,27492419,30544588.8,0.5998786715937383
2024-11-29,51.34,51.62,49.29,12836751,28793759.3,0.56256151538124
2024-12-02,50.83,51.62,49.29,45328692,30014543.2,0.5928866466637412
2024-12-03,50.45,51.62,49.29,38814172,31811605.5,0.6045017604419091
2024-12-04,50.26,51.62,49.29,28702027,32299488.6,0.5732348590496551
2024-12-05,50.41,51.62,49.29,21794014,31493917.3,0.5514702111763683
2024-12-06,50.4,51.62,49.66,20016052,29128386.5,0.5192741830195196
2024-12-09,49.71,51.62,50.08,34330975,28879222.5,0.5567042919502508
2024-12-10,49.7,51.62,49.69,31757888,28578574.0,0.56247705302355
2024-12-11,49.8,51.62,49.38,25214545,28628753.5,0.5328134459537438
2024-12-12,49.58,51.62,49.38,19326775,27812189.1,0.5137716531599114
2024-12-13,49.54,51.57,49.38,26709754,29199489.4,0.4946020994052562
2024-12-16,49.45,51.49,49.38,26978933,27364513.5,0.4659884861512222
2024-12-17,49.1,51.13,49.35,30199700,26503066.3,0.47319002133105964
2024-12-18,47.63,50.67,48.93,60161933,29649056.9,0.6380980184869175
2024-12-19,47.8,50.67,47.59,50501392,32519794.7,0.6730182826886616
2024-12-20,48.51,50.57,47.59,41448549,34663044.4,0.7552825116635067
2024-12-23,48.42,50.49,47.59,26377100,33867656.9,0.7399115101083725
2024-12-24,48.99,49.98,47.59,15393323,32231200.4,0.7199233087605891
2024-12-26,49.11,49.97,47.59,15092327,31218978.6,0.6759335342591772
2024-12-27,48.75,49.97,47.59,29329145,32219215.6,0.676475729691287
2024-12-30,48.28,49.8,47.59,28431545,32391394.7,0.7049456323991155
2024-12-31,48.33,49.63,47.59,22554962,31948997.6,0.665619548079234
2025-01-02,48.21,49.3,47.59,29428516,31871879.2,0.6875369416686702
2025-01-03,48.59,49.3,47.59,21419957,27997681.6,0.6691986827795138
2025-01-06,48.44,49.17,47.6,50158308,27963373.2,0.6693055250755789
2025-01-07,48.33,49.17,47.6,35260536,27344571.9,0.6667314550655016
2025-01-08,48.49,49.17,47.86,27281358,27434997.7,0.6418339277234343
2025-01-10,47.32,49.17,47.86,46877929,30583458.3,0.7349227373603101
2025-01-13,47.66,49.17,47.15,26064713,31680696.9,0.7235997057122686
2025-01-14,48.25,49.17,47.03,32776458,32025428.2,0.7111197449506331
2025-01-15,49.48,49.02,47.03,52672409,34449514.6,0.7976371122905487
2025-01-16,49.81,49.61,47.03,29066151,35100633.5,0.7446188306518087
2025-01-17,50.23,49.85,47.03,35341190,35691900.9,0.7240029865649014
2025-01-21,50.65,50.32,47.03,27928805,36342785.7,0.691469255022915
2025-01-22,50.41,50.71,47.03,32309809,34557935.8,0.6592733543531925
2025-01-23,50.7,50.71,47.03,20589324,33090814.6,0.6220369071061005
2025-01-24,50.85,50.79,47.03,27543987,33117077.5,0.5950986528252874
2025-01-27,51.41,50.9,47.03,52311211,33660405.7,0.6250854991152491
2025-01-28,51.32,51.44,47.03,33471951,34401129.5,0.6004074325665489
2025-01-29,51.28,51.55,47.74,33272930,34450776.7,0.5963531082243425
2025-01-30,51.77,51.74,49.0,44928986,33676434.4,0.61817269379443
2025-01-31,51.47,52.04,49.45,36591352,34428954.5,0.6077496679551725
2025-02-03,51.26,52.04,49.73,61897061,37084541.6,0.6680497122278165
2025-02-04,51.14,52.04,50.21,37479944,38039655.5,0.6309764172641077
2025-02-05,51.68,52.04,50.21,27423396,37551014.2,0.6215128949622261
2025-02-06,52.11,52.04,50.41,28786921,38370773.9,0.598644508967263
2025-02-07,51.82,52.13,50.41,33917384,39008113.6,0.5828252411049608
2025-02-10,51.41,52.26,50.41,33176237,37094616.2,0.610448542290966
2025-02-11,51.54,52.26,50.41,40773152,37824736.3,0.6117220699855036
2025-02-12,51.36,52.26,50.41,36568656,38154308.9,0.6128257939874361
2025-02-13,51.7,52.26,50.41,28012843,36462694.6,0.5964490214557782
2025-02-14,51.8,52.26,50.41,23371908,35140750.2,0.5595891519283411
2025-02-18,52.17,52.26,50.41,24666775,31417721.6,0.5463105983378957
2025-02-19,52.19,52.26,50.92,23557833,30025510.5,0.5201358518928432
2025-02-20,51.39,52.26,50.92,43005679,31583738.8,0.6054510716404636
2025-02-21,50.75,52.26,50.92,45735462,33278592.9,0.6393909287550684
2025-02-24,50.97,52.26,50.64,51384353,35025289.8,0.6514721382543922
2025-02-25,50.96,52.25,50.64,41502392,35857905.3,0.7126091864871399
2025-02-26,50.85,52.25,50.3,27995099,34580100.0,0.6935946282888547
2025-02-27,51.13,52.25,50.3,39240161,34847250.5,0.7277820111836735
2025-02-28,52.18,52.25,50.3,53010925,37347058.7,0.781411076359183
2025-03-03,51.74,52.26,50.3,65059804,41515848.3,0.8478895995112922
2025-03-04,49.92,52.64,50.3,89955247,48044695.5,1.0148376529097867
2025-03-05,50.21,52.64,49.64,53081432,50997055.4,0.9981926325218152
2025-03-06,49.38,52.64,49.56,44804642,51176951.7,1.0197669481855738
2025-03-07,49.12,52.64,49.05,74697497,54073155.2,1.0344646884274977
2025-03-10,48.02,52.64,48.25,69651094,55899829.3,1.1178693966371642
2025-03-11,47.61,52.64,47.46,61607805,57910370.6,1.0754868104188753
2025-03-12,47.68,52.64,47.28,50164682,60127328.9,1.0614219023630251
2025-03-13,47.42,52.64,47.22,42883252,60491638.0,1.0265656487146215
2025-03-14,48.52,52.64,47.22,42098235,59400369.0,1.0470235622193387
2025-03-17,49.09,52.64,47.22,37548937,56649282.3,1.043420420590093
2025-03-18,49.03,51.28,47.22,29082284,50561986.0,0.9629643645114137
2025-03-19,49.57,50.45,47.22,36961615,48950004.3,0.9652357825765582
2025-03-20,49.64,49.96,47.22,37507389,48220279.0,0.9405376782330164
2025-03-21,49.46,49.98,47.22,32821105,44032639.8,0.8964659878019475
2025-03-24,50.15,49.98,47.22,27759690,39843499.4,0.8849371894283549
2025-03-25,50.43,50.27,47.22,19832386,35665957.5,0.8242788975045743
2025-03-26,50.28,50.51,47.22,28929473,33542436.6,0.8237083778372968
2025-03-27,50.18,50.91,47.28,28895688,32143680.2,0.8032139274589908
2025-03-28,49.21,50.91,47.62,40355029,31969359.6,0.8681187371311252
2025-03-31,49.81,50.91,48.31,34107983,31625264.2,0.9497029055136423
2025-04-01,49.75,50.91,48.58,32578094,31974845.2,0.9270758514451569
2025-04-02,50.16,50.91,48.58,33587137,31637397.4,0.9447990712524688
2025-04-03,47.69,50.91,48.58,81697725,36056431.0,1.1601591950854724
2025-04-04,44.2,50.91,47.6,108645539,43638874.4,1.4854713024074087
2025-04-07,44.09,50.91,44.09,156317103,56494615.7,1.7460751287530871
2025-04-08,43.92,50.91,42.21,83461286,62857505.7,1.911931778252676
2025-04-09,47.23,50.91,42.21,157421324,75706690.8,2.2623408744856524
2025-04-10,45.91,50.45,42.21,85947106,81411832.6,2.3193620912208983
2025-04-11,46.67,50.33,42.21,57976064,83173936.1,2.2234471457247786
2025-04-14,47.15,50.33,42.21,44396365,84202774.3,2.0536541929614742
2025-04-15,47.27,50.33,42.21,35556184,84500583.3,1.8798336338999444
2025-04-16,46.53,50.33,42.21,42952844,85437154.0,1.7838558160466191
2025-04-17,46.65,48.65,42.21,37039042,80971285.7,1.6500083739070701
2025-04-21,45.65,47.9,42.21,36120082,73718740.0,1.6313405907194607
2025-04-22,47.16,47.9,42.21,32096051,61296634.8,1.6311618452901995
2025-04-23,47.72,47.9,43.07,43306447,57281150.9,1.6230069325848395
2025-04-24,48.25,48.73,43.07,20605515,43599570.0,1.5372726749068615
2025-04-25,48.02,48.73,44.54,22522622,37257121.6,1.405636318252613
2025-04-28,48.17,48.73,45.14,26613705,34120885.7,1.316884809152265
2025-04-29,48.67,48.73,45.14,37682002,33449449.4,1.2479668345986292
2025-04-30,48.76,48.76,45.14,27672560,32661087.0,1.272237923318812
2025-05-01,48.75,48.93,45.14,29741023,31339904.9,1.1879395335429705
2025-05-02,49.76,49.07,45.14,29111298,30547130.5,1.1882142624039074
2025-05-05,49.44,49.94,45.14,21017464,29036868.7,1.1271190274167193
2025-05-06,49.16,49.94,46.2,22767902,28104053.8,1.0555031570944906
2025-05-07,49.45,49.94,47.36,26685413,26441950.4,0.9894360694818922
2025-05-08,49.86,49.94,47.36,27502803,27131679.2,0.9801779268843058
2025-05-09,49.86,50.37,47.5,19804558,26859872.8,0.8934875366330649
2025-05-12,50.87,50.37,47.5,36225493,27821051.6,0.9530225317486567
2025-05-13,51.08,51.2,47.5,29013403,26954191.7,0.8859528608488362
2025-05-14,50.94,51.32,47.5,34367065,27623642.2,0.8198258127356581
2025-05-15,51.28,51.32,48.43,31646482,27814188.1,0.7811823710375705
2025-05-16,51.59,51.36,48.97,47460366,29649094.9,0.7450247215658952
2025-05-19,51.62,51.67,48.97,22815852,29828933.7,0.7163547586904426
2025-05-20,51.34,51.77,48.97,24629433,30015086.8,0.68884079086505
2025-05-21,50.29,51.77,49.26,35803298,30926875.3,0.7436620187497102
2025-05-22,50.23,51.77,49.71,29560753,31132670.3,0.7178404162497494
2025-05-23,50.05,51.77,49.71,29645040,32116718.5,0.7181283607497827
2025-05-27,50.93,51.77,49.57,29535535,31447722.7,0.7437112459831455
2025-05-28,50.59,51.77,49.57,27815283,31327910.7,0.7125497465187268
2025-05-29,50.85,51.77,49.57,29275536,30818757.8,0.6842097803162299
2025-05-30,50.96,51.77,49.57,31629827,30817092.3,0.6729818096073985
2025-06-02,50.98,51.77,49.57,27493098,28820365.5,0.6779175683264121
2025-06-03,51.08,51.77,49.57,30615715,29600351.8,0.6835285592162247
2025-06-04,50.79,51.52,49.57,22155335,29352942.0,0.649724751320728
2025-06-05,50.65,51.21,49.57,38911142,29663726.4,0.6204281178112976
2025-06-06,51.28,51.21,49.57,28786678,29586318.9,0.6430377021031244
2025-06-09,51.0,51.44,49.57,23812819,29003096.8,0.6466326751560414
2025-06-10,51.06,51.44,50.26,23686835,28418226.8,0.587081651801902
2025-06-11,51.0,51.44,50.29,34103741,29047072.6,0.579470764894982
2025-06-12,51.0,51.44,50.29,22821673,28401686.3,0.5702079962423174
2025-06-13,49.96,51.44,50.29,51311451,30369848.7,0.6528469300766748
2025-06-16,50.53,51.44,49.81,31032572,30723796.1,0.6884673393997851
2025-06-17,50.24,51.44,49.81,26192694,30281494.0,0.6566716941464809
2025-06-18,50.22,51.44,49.81,41037622,32169722.7,0.6531154682602838
2025-06-20,50.36,51.44,49.81,28528930,31131501.5,0.6153667391589123
2025-06-23,50.82,51.44,49.81,33885164,31641350.1,0.666651173937724
2025-06-24,51.58,51.36,49.81,35405760,32800644.2,0.7044310174126945
2025-06-25,51.41,51.77,49.81,29068898,33338850.5,0.6518402150910023
2025-06-26,51.79,51.77,49.81,29531489,32881625.3,0.6209281864122023
2025-06-27,51.94,51.83,49.81,34153044,34014762.4,0.6088044282239079
2025-06-30,52.37,52.23,49.81,33082301,32191847.4,0.5942971711273869
2025-07-01,52.66,52.44,49.84,31224547,32211044.9,0.589724214977069
2025-07-02,52.62,52.77,49.84,34736170,33065392.5,0.5670943196467924
2025-07-03,53.19,52.77,49.84,22307401,31192370.4,0.5781484103605542
2025-07-07,52.68,53.27,49.84,31169081,31456385.5,0.6130619556458141
2025-07-08,52.21,53.27,49.84,44581163,32525985.4,0.5993203615597054
2025-07-09,52.4,53.27,51.27,29130973,31898506.7,0.5674109800184113
2025-07-10,52.71,53.27,51.29,22774069,31269023.8,0.5557561826826227
2025-07-11,52.16,53.27,51.41,27724145,31088289.4,0.5656553583249401
2025-07-14,52.55,53.27,51.7,24632509,30136235.9,0.5649013105482807
2025-07-15,51.65,53.27,52.02,41913536,31019359.4,0.6095811358085098
2025-07-16,52.01,53.27,51.65,41139748,32010879.5,0.6269703177007088
2025-07-17,52.51,53.27,51.32,39590052,32496267.7,0.6487076086739476
2025-07-18,52.54,53.27,51.32,26307379,32896265.5,0.5915465941840878
2025-07-21,52.39,53.25,51.32,29276616,32707019.0,0.5886737149595429
2025-07-22,52.68,52.94,51.32,27080591,30956961.8,0.5581838862982704
2025-07-23,53.1,52.94,51.32,27348486,30778713.1,0.5557593681251676
2025-07-24,53.07,53.1,51.32,26916088,31192915.0,0.5403247857084783
2025-07-25,53.44,53.44,51.32,25545022,30975002.7,0.5349481476140145
2025-07-28,53.07,53.49,51.32,26305773,31142329.1,0.5276217279321456
2025-07-29,52.8,53.49,51.32,29131324,29864107.9,0.5399388308745258
2025-07-30,52.7,53.49,51.32,33322622,29082395.3,0.5466136534245895
2025-07-31,52.37,53.49,51.81,41336265,29257016.6,0.5697318329679774
2025-08-01,51.4,53.49,52.27,57383239,32364602.6,0.6697675885722472
2025-08-04,51.91,53.49,51.05,32161104,32653051.4,0.6484652434292806
2025-08-05,51.7,53.49,51.05,29608299,32905822.2,0.659336544305377
2025-08-06,51.95,53.49,51.05,27750758,32946049.4,0.620758338397994
2025-08-07,51.37,53.49,51.05,39044925,34158933.1,0.6753238932782617
2025-08-08,51.85,53.49,51.05,34158277,35020258.6,0.665280707507827
2025-08-11,51.83,53.44,51.05,26093865,34999067.8,0.6192432798401168
2025-08-12,52.46,53.3,51.05,34047953,35490730.7,0.6326775091947678
2025-08-13,52.76,53.03,51.05,36345657,35793034.2,0.6083205079687982
2025-08-14,53.01,52.99,51.05,31866162,34846023.9,0.5965444402396246
2025-08-15,52.46,53.05,51.05,39667607,33074460.7,0.6156718482076741
2025-08-18,52.5,53.16,51.22,21428210,32001171.3,0.5695822684466513
2025-08-19,52.6,53.16,51.22,22872481,31327589.5,0.5496379659870971
2025-08-20,52.87,53.16,51.22,34278230,31980336.7,0.544352903855484
2025-08-21,52.7,53.16,51.22,24680100,30543854.2,0.5411058500080856
2025-08-22,53.57,53.16,51.5,43713528,31499379.3,0.5996250700070072
2025-08-25,53.26,53.68,51.71,23178828,31207875.6,0.5663417273394064
2025-08-26,53.67,53.68,52.04,25268401,30329920.4,0.5708294970274848
2025-08-27,53.78,53.69,52.29,35741870,30269541.7,0.5520522307571534
2025-08-28,53.85,53.94,52.29,23706981,29453623.6,0.5077785999895328
2025-08-29,53.99,53.94,52.29,27415867,28228449.6,0.48540811999092887
2025-09-02,53.59,54.14,52.29,35715814,29657210.0,0.5380203706588054
2025-09-03,53.5,54.14,52.35,32025991,30572561.0,0.5289509879042978
2025-09-04,54.06,54.14,52.35,30005595,30145297.5,0.5357575228503912
2025-09-05,53.07,54.14,52.35,54967666,33174054.1,0.6483231864703394
2025-09-08,53.11,54.25,52.87,39055654,32708266.7,0.6072134282742946
2025-09-09,53.34,54.25,52.83,35837666,33974150.5,0.6102516378377223
2025-09-10,53.16,54.25,52.83,30151193,34462429.7,0.5915514194593592
2025-09-11,54.03,54.25,52.83,32296645,34117907.2,0.6340112301981118
2025-09-12,53.8,54.25,52.83,23612967,34108505.8,0.5974763995050302
2025-09-15,53.68,54.25,52.83,27840839,34151003.0,0.5804795462376936
2025-09-16,53.56,54.25,52.83,26046297,33184051.3,0.5590822734060014
2025-09-17,54.08,54.25,52.83,44986028,34480055.0,0.5872046369518673
2025-09-18,54.13,54.33,52.83,30964661,34575961.6,0.5769106853582847
2025-09-19,54.25,54.5,52.83,39765018,33055696.8,0.5653225939771794
2025-09-22,54.0,54.5,52.83,27280011,31878132.5,0.5712795814468887
2025-09-23,53.76,54.5,52.93,25623415,30856707.4,0.6097756372539702
2025-09-24,53.61,54.5,52.93,19038055,29745393.6,0.5911388856201074
2025-09-25,53.47,54.5,53.18,20409148,28556643.9,0.574987034204093
2025-09-26,53.86,54.5,53.24,25118812,28707228.4,0.5823220963102143
2025-09-29,54.13,54.5,53.24,18665159,27789660.4,0.5593458168021852
2025-09-30,53.87,54.5,53.24,28877668,28072797.5,0.5940997078952273
2025-10-01,53.39,54.5,53.24,30252627,26599457.4,0.5815530801758636
2025-10-02,53.35,54.5,53.24,25624624,26065453.7,0.5600126694857478
2025-10-03,53.72,54.49,53.06,26565737,24745525.6,0.5680109802209811
2025-10-06,53.7,54.49,53.06,30138820,25031406.5,0.5962761828581837
2025-10-07,53.77,54.49,53.06,27534023,25222467.3,0.5874393584770918
2025-10-08,53.51,54.24,53.06,24824188,25801080.6,0.5904474440134795
2025-10-09,53.32,54.24,53.06,30105622,26770728.0,0.5943877848116828
2025-10-10,52.16,54.24,53.06,64605324,30719379.2,0.7178027468367921
2025-10-13,52.66,54.24,52.16,35668739,32419737.2,0.7100957139252204
2025-10-14,53.24,54.24,52.16,57345121,35266482.5,0.8034162854018572
2025-10-15,53.24,54.07,52.16,35099625,35751182.3,0.8176274473482757
2025-10-16,51.76,54.07,52.16,79049858,41093705.7,0.9352771210351727
2025-10-17,52.18,54.07,51.54,47260386,43163170.6,0.89457350489715
2025-10-20,52.79,54.07,51.54,31650541,43314342.7,0.87129703757753
2025-10-21,52.73,54.05,51.54,27774914,43338431.8,0.8191240992338599
2025-10-22,52.43,53.95,51.54,48682557,45724268.7,0.804574219336012
2025-10-23,52.54,53.81,51.54,25352251,45248931.6,0.7492976567578772
2025-10-24,53.11,53.76,51.54,26739074,41462306.6,0.7480579691901604
2025-10-27,53.33,53.76,51.54,19356221,39831054.8,0.6909835732981391
2025-10-28,52.99,53.76,51.54,28356998,36932242.5,0.660185763525054
2025-10-29,52.09,53.76,51.54,56217915,39044071.5,0.7214943283883808
2025-10-30,52.23,53.43,51.54,44105839,35549669.6,0.7332950846032636
2025-10-31,52.37,53.43,51.73,36703177,34493948.7,0.7101890733228289
2025-11-03,52.15,53.43,51.87,35234735,34852368.1,0.711497196879785
2025-11-04,52.42,53.43,51.65,41379085,36212785.2,0.7112975706291471
2025-11-05,52.6,53.43,51.65,34063240,34750853.5,0.7017912278785943
2025-11-06,52.41,53.43,51.65,38785034,36094131.8,0.6788857308281153
2025-11-07,52.78,53.43,51.65,42084953,37628719.7,0.6830343000510324
2025-11-10,52.97,53.43,51.65,38458932,39538990.8,0.6586297267108947
2025-11-11,53.21,53.4,51.65,25665730,39269864.0,0.6321457631494423
2025-11-12,53.67,53.34,51.65,41355097,37783582.2,0.63852632806285
2025-11-13,52.98,53.89,51.65,44256502,37798648.5,0.6707228176544695
2025-11-14,52.45,53.89,51.65,41454810,38273811.8,0.6759597753005394
2025-11-17,51.45,53.89,51.65,58874031,40637741.4,0.7511651385938012
2025-11-18,51.37,53.89,51.25,59830293,42482862.2,0.7323431201146277
2025-11-19,51.56,53.89,51.14,39606800,43037218.2,0.6960307040993441
2025-11-20,51.11,53.89,51.14,65639677,45722682.5,0.7778932768860986
2025-11-21,51.67,53.89,51.08,62360725,47750259.7,0.7888408399679521
2025-11-24,51.89,53.89,51.08,36713345,47575701.0,0.770328727972225
2025-11-25,52.54,53.89,51.08,42851775,49294305.5,0.7702848975759278
2025-11-26,52.95,53.89,51.08,30095184,48168314.2,0.7489135778991374
2025-11-28,53.33,53.76,51.08,14631747,45205838.7,0.7290584341792516
2025-12-01,52.89,53.55,51.08,26116803,43672038.0,0.7065173096220174
2025-12-02,52.84,53.55,51.08,25183674,40303002.3,0.6789816683390818
2025-12-03,53.55,53.55,51.08,25426540,36862627.0,0.6897841125605373
2025-12-04,53.66,53.6,51.08,30454909,35947437.9,0.656479564219132
2025-12-05,53.68,53.91,51.08,26027713,31986241.5,0.6329489556565807
2025-12-08,53.48,53.93,51.13,28774845,28627653.5,0.6072224282357029
2025-12-09,53.28,53.93,51.32,42035694,29159888.4,0.6195927711376096
2025-12-10,53.89,53.95,51.91,39899499,28864660.8,0.6529804016525946
2025-12-11,54.87,54.08,52.6,45091731,30364315.5,0.7112496814322482
2025-12-12,54.95,54.98,52.64,54960528,34397193.6,0.6830830572412818
2025-12-15,54.99,55.21,52.64,32424334,35027946.7,0.6573386496091111
2025-12-16,54.64,55.31,52.64,33235091,35833088.4,0.660360162994563
2025-12-17,54.63,55.31,52.87,32747146,36565149.0,0.6376454745952882
2025-12-18,54.54,55.31,53.21,31650100,36684668.1,0.6419594113159167
2025-12-19,54.84,55.31,53.21,37086010,37790497.8,0.6203648231404617
2025-12-22,55.32,55.31,53.21,28297288,37742742.1,0.6309828467217329
2025-12-23,55.43,55.44,53.21,20655092,35604681.9,0.5801851338255019
2025-12-24,55.73,55.56,53.21,13321285,32946860.5,0.5681604493154352
2025-12-26,55.62,55.89,53.93,17740216,30211709.0,0.5404057227400437
2025-12-29,55.32,55.89,54.35,30435802,27759236.4,0.5243516263747048
2025-12-30,55.18,55.89,54.35,14124879,25929290.9,0.4891047428580772
2025-12-31,54.77,55.89,54.35,19687831,24574564.9,0.49189077714366664
2026-01-02,54.93,55.89,54.35,33194084,24619258.7,0.5143053401911774
2026-01-05,56.13,55.89,54.34,49267770,26381025.7,0.6710646281656868
2026-01-06,56.4,56.51,54.34,34791391,26151563.8,0.6522560110769287
2026-01-07,55.61,56.52,54.34,40503209,27372155.9,0.6799552096000048
2026-01-08,55.9,56.52,54.34,30009404,28307587.1,0.7012945149866713
2026-01-09,55.73,56.52,54.34,24511211,29426579.7,0.6664552463217814
2026-01-12,55.29,56.52,54.34,36976330,31350191.1,0.6962612134788764
2026-01-13,54.23,56.52,54.34,68307281,35137339.0,0.7554263850150262
2026-01-14,54.15,56.52,54.15,55662350,39291086.1,0.7267028670130226
2026-01-15,54.37,56.52,53.69,44440867,41766389.7,0.7031424847446202
2026-01-16,54.44,56.52,53.69,33266539,41773635.2,0.6733901534453371
2026-01-20,53.2,56.52,53.69,49910621,41837920.3,0.7622714663192918
2026-01-21,53.46,56.52,53.1,43015700,42660351.2,0.7446352708100523
2026-01-22,53.81,56.34,53.1,38522663,42462296.6,0.7240172347020449
2026-01-23,53.07,56.25,53.1,42276091,43688965.3,0.751481603408439
2026-01-26,53.41,56.16,52.88,26922473,43930091.5,0.7152840562873134
2026-01-27,53.0,55.36,52.88,28306005,43063059.0,0.6985795154490045
2026-01-28,52.99,55.23,52.84,37825895,40014920.4,0.6654355800558044
2026-01-29,53.55,54.76,52.76,45476658,38996351.2,0.6620441693816972
2026-01-30,53.44,54.76,52.76,36405165,38192781.0,0.6591049467974701
2026-02-02,54.03,54.76,52.76,42091374,39075264.5,0.6912242872244749
2026-02-03,53.53,54.11,52.76,59818780,40066080.4,0.7337277155945456
2026-02-04,53.96,54.17,52.76,51157270,40880237.4,0.7398973535152731
2026-02-05,53.29,54.18,52.76,50368927,42064863.8,0.7585777063799037
2026-02-06,54.26,54.18,52.76,44335404,42270795.1,0.7987673455292502
2026-02-09,53.94,54.35,52.76,27303084,42308856.2,0.7575983661253505
2026-02-10,53.55,54.39,52.76,53019597,44780215.4,0.8099185839753036
2026-02-11,52.74,54.39,52.76,48289462,45826572.1,0.8672627727785966
2026-02-12,51.69,54.39,52.69,76928379,48971744.2,0.9756277364081171
2026-02-13,51.65,54.39,51.43,50853908,50416618.5,0.9362107048870348
2026-02-17,52.2,54.39,51.25,49158073,51123288.4,0.9127159442354299
2026-02-18,52.59,54.39,51.25,40633583,49204768.7,0.8683538183373725
2026-02-19,52.15,54.39,51.25,36411695,47730211.2,0.8659066425590564
2026-02-20,52.49,54.39,51.25,47106745,47403993.0,0.8544524235511823
2026-02-23,50.73,54.39,51.25,74553355,50425788.1,0.9871921004110249
2026-02-24,50.98,54.39,50.64,54929972,53188476.9,0.9822331536895553
2026-02-25,51.87,54.26,50.23,42013199,52087837.1,0.9726020665309485
2026-02-26,52.5,53.93,50.23,56348356,52893726.5,0.948255124326822
2026-02-27,51.43,53.11,50.23,70026234,52203512.0,1.0204877744165795
2026-03-02,51.3,52.78,50.23,59541747,53072295.9,1.0404227378277024
2026-03-03,51.21,52.78,50.23,77119092,55868397.8,1.097699706117342
2026-03-04,51.5,52.78,50.08,44572613,56262300.8,1.0286730786350295
2026-03-05,51.23,52.66,50.08,47444995,57365630.8,1.014183334817026
2026-03-06,50.57,52.66,50.08,66112876,59266243.9,1.0762922235080887
2026-03-09,50.33,52.66,49.75,69307456,58741654.0,1.1181199270403437
2026-03-10,50.06,52.66,49.18,65034779,59752134.7,1.0943706034349643
2026-03-11,49.64,52.66,49.18,50222755,60573090.3,1.0684545229769689
2026-03-12,48.83,52.66,49.18,58899799,60828234.6,1.0393272532467066
2026-03-13,48.89,52.06,48.79,42107929,58036404.1,0.9847502861471461
2026-03-16,49.3,51.82,48.79,39621915,56044420.9,0.9681169146608599
2026-03-17,49.56,51.82,48.79,36578681,51990379.8,0.9577013260394119
2026-03-18,48.97,51.82,48.79,42581197,51791238.2,0.935341149234157
2026-03-19,48.99,51.82,48.79,45899384,51636677.1,0.8986289960029357
2026-03-20,49.08,50.69,48.52,60936467,51119036.2,0.8521451298692115
2026-03-23,49.27,50.69,48.52,62687200,50457010.6,0.8425257792199834
2026-03-24,49.28,50.69,48.52,37786620,47732194.7,0.8381890086573193
2026-03-25,49.34,50.19,48.52,36036917,46313610.9,0.85576380750301
2026-03-26,49.05,50.19,48.52,39056498,44329280.8,0.8243286331692758
2026-03-27,47.81,50.19,48.52,54514832,45569971.1,0.8984181487467051
2026-03-30,48.36,50.19,47.67,53924011,47000180.7,0.8999623955804773
2026-03-31,49.37,50.19,47.67,75712730,50913585.6,0.9266340761697472
2026-04-01,49.44,49.96,47.67,51579448,51813410.7,0.8977495326804478
2026-04-02,49.53,49.96,47.67,34873998,50710872.1,0.9393829283230549
2026-04-06,49.88,49.96,47.67,21589676,46776193.0,0.8887985378799803
2026-04-07,49.88,50.01,47.67,25299509,43037423.9,0.8396253994959835
2026-04-08,51.2,50.02,47.67,40194039,43278165.8,0.941008679563185
2026-04-09,51.33,51.48,47.67,24665690,42141043.1,0.9155408556214271
2026-04-10,50.77,51.54,47.67,28879738,41123367.1,0.8854687415385698
2026-04-13,51.66,51.54,47.67,29374952,38609379.1,0.9340729093334271
2026-04-14,51.78,51.67,48.09,31404313,36357409.3,0.8721965214223034
2026-04-15,52.17,51.91,48.51,27701026,31556238.9,0.8292369852326625
2026-04-16,52.03,52.33,48.6,22649790,28663273.1,0.7853387205349742
2026-04-17,52.43,52.41,48.6,36831014,28858974.7,0.8072935577969771
